id,nome,sobrenome,idade,genero,salario,cidade,pais
1,Clarance,Cullin,25,Male,$57696.71,Paccha,Peru
2,Farica,Esslement,83,Female,$7661.88,Itatinga,Brazil
3,Bard,Izac,89,Male,$33318.41,Boquira,Brazil
4,Tove,Goublier,9,Female,$60074.94,Santa Catalina,Venezuela
5,Alphonso,Eccersley,100,Male,$33626.44,Estreito,Brazil
6,Elwyn,Hadaway,16,Male,$90708.59,Moche,Peru
7,Ogden,Nealey,40,Polygender,$51088.83,Pocohuanca,Peru
8,Justino,Denne,93,Male,$60958.99,Santa Catalina - Dique Lujan,Argentina
9,Milly,Streets,56,Female,$38929.32,General Vedia,Argentina
10,Dugald,Dripps,4,Male,$28797.30,Taurija,Peru
11,Zachary,Danett,90,Male,$44345.45,Gachalá,Colombia
12,Jonah,Moyers,60,Male,$62023.91,Canutama,Brazil
13,Bogart,Trett,56,Male,$71249.27,Pedro II,Brazil
14,Tommy,Burchett,43,Female,$12411.24,San Rafael,Argentina
15,Winnie,McCaskill,80,Male,$88783.37,Realeza,Brazil
16,Vernen,Muckle,21,Male,$18764.16,Villa Ángela,Argentina
17,Filmer,Kedward,17,Male,$22047.85,Paracambi,Brazil
18,Kin,Defont,5,Male,$72999.15,Osorno,Chile
19,Leland,Jancso,72,Male,$35588.57,Tarata,Peru
20,Katrinka,Josskovitz,24,Genderqueer,$92760.20,Cosmópolis,Brazil
21,Towney,Weldon,35,Male,$27031.21,Sunchales,Argentina
22,Iain,Muddicliffe,39,Male,$7271.74,La Tola,Colombia
23,Rosalinda,Prestage,5,Female,$19219.41,Atocha,Bolivia
24,Dorri,Maleney,45,Agender,$17527.43,Camatagua,Venezuela
25,Georgy,Aronowitz,39,Male,$34971.67,Armenia,Colombia
26,Judy,Seagrave,92,Female,$12708.05,Pelileo,Ecuador
27,Basile,Ickowics,29,Male,$39196.29,Llauta,Peru
28,Ronald,Bellhouse,100,Male,$73265.94,San José de Miranda,Colombia
29,Karina,Swayne,22,Female,$10571.30,Auriflama,Brazil
30,Remus,Strettle,25,Male,$26642.42,Blumenau,Brazil
31,Karmen,Macvain,29,Female,$91850.86,Guaçuí,Brazil
32,Shelagh,Blesing,32,Female,$77674.03,Viana,Brazil
33,Calley,Annett,86,Female,$30714.80,Santa Luzia,Brazil
34,Filmore,Niezen,3,Male,$42949.21,San Juan Nepomuceno,Colombia
35,Stanleigh,Starcks,71,Male,$16156.24,Tinaco,Venezuela
36,Francesco,Balchin,97,Male,$58717.43,Santiago,Paraguay
37,Robbi,Shoesmith,81,Female,$78206.52,Candelaria,Argentina
38,Wanids,Gittens,35,Female,$43320.73,Zamora,Ecuador
39,Skelly,Wix,13,Agender,$91529.94,Casigua El Cubo,Venezuela
40,Cross,Simonich,88,Male,$67112.87,Punta Arenas,Chile
41,Toma,Woodcraft,51,Female,$66712.90,Corral de Bustos,Argentina
42,Stacey,Kohter,18,Female,$89166.59,Ibiporã,Brazil
43,Winslow,McDuall,99,Male,$80702.27,Candelária,Brazil
44,Darb,Habbeshaw,13,Female,$79007.70,Bagé,Brazil
45,Bettina,Lube,38,Female,$61772.19,Angra dos Reis,Brazil
46,Milt,Ostler,69,Male,$77854.60,Vazante,Brazil
47,Vidovik,Scotney,16,Male,$7790.41,Putre,Chile
48,Ewan,Dayment,58,Male,$66793.51,Manhuaçu,Brazil
49,Ellerey,Dayment,77,Bigender,$4421.58,Huaylillas,Peru
50,Letty,Edmonston,76,Agender,$65083.05,Velille,Peru
51,Stacey,Stert,49,Female,$89327.42,Firminópolis,Brazil
52,Allyson,Murney,37,Female,$88085.73,Penco,Chile
53,Ericka,Wadham,81,Female,$52611.58,Recife,Brazil
54,Joycelin,Coneybeare,68,Polygender,$79325.14,Puno,Peru
55,Renaud,Okker,66,Male,$2522.73,Francisco Morato,Brazil
56,Jerrylee,Earsman,81,Genderqueer,$57378.76,Dom Pedro,Brazil
57,Franky,Andrus,48,Female,$69629.27,Osorno,Chile
58,Maegan,Craigs,51,Female,$68740.54,Ivoti,Brazil
59,Isiahi,Cancellieri,98,Male,$11006.45,General Elizardo Aquino,Paraguay
60,Lora,Votier,44,Female,$79172.91,Puerta de Corral Quemado,Argentina
61,Helaine,Stebbings,63,Female,$58545.34,Jardinópolis,Brazil
62,Claybourne,Ainslee,71,Agender,$48895.66,La Unión,Venezuela
63,Dulcea,Nalder,3,Female,$80363.30,La Unión,Venezuela
64,Merrilee,McBrier,27,Bigender,$64505.76,Farroupilha,Brazil
65,Steffen,Beneyto,32,Male,$78738.35,Tomé,Chile
66,Celisse,McAlpin,9,Female,$52753.64,Três Corações,Brazil
67,Randee,Branca,76,Female,$16425.66,Ibiúna,Brazil
68,Karoly,Massenhove,67,Male,$90322.49,San Francisco,Argentina
69,Towny,Pessel,15,Male,$1440.28,Olleros,Peru
70,Hart,Lucks,57,Agender,$91835.93,Presidente Prudente,Brazil
71,Eugene,Trowill,65,Male,$52080.62,Vinces,Ecuador
72,Boniface,Northing,22,Male,$79059.91,Maraã,Brazil
73,Neila,Moulin,14,Bigender,$54611.76,Águas Belas,Brazil
74,Percival,Skala,52,Male,$9599.47,Criciúma,Brazil
75,Gypsy,Kloss,19,Female,$47370.87,Barbacena,Brazil
76,Herrick,Grane,59,Male,$84174.87,Otavalo,Ecuador
77,Anabella,O' Reagan,16,Female,$55972.71,Feira de Santana,Brazil
78,Bondie,Genney,36,Male,$49463.97,Marcabal,Peru
79,Hamlin,Hymer,85,Male,$1175.06,Honoria,Peru
80,Devland,Tregale,66,Male,$4820.19,Mogi Mirim,Brazil
81,Guss,Simonnet,65,Male,$32715.87,Santa Bárbara,Venezuela
82,Maurise,Rosenbaum,98,Male,$44195.89,Goya,Argentina
83,Marrilee,Hankinson,36,Female,$4556.09,Pomabamba,Peru
84,Yurik,Le feuvre,41,Male,$11097.76,San Martín,Colombia
85,Mordecai,Pooley,91,Male,$5400.53,Concórdia,Brazil
86,Merle,Perrot,21,Female,$87462.06,Piraí,Brazil
87,Shana,Theuss,91,Female,$94155.71,Três Passos,Brazil
88,Garland,Cockarill,29,Female,$85655.71,Don Matías,Colombia
89,Frazer,Eakley,81,Male,$8544.78,Valle de La Pascua,Venezuela
90,Stella,Spritt,50,Female,$61191.15,Tupã,Brazil
91,Anne-marie,Delacourt,86,Female,$9268.91,Güiria,Venezuela
92,Allen,McQuillen,67,Male,$23169.22,Santa Eulalia,Peru
93,Augustus,Leall,25,Genderfluid,$68292.96,Chile Chico,Chile
94,Aryn,Elliker,86,Female,$26493.36,Pampa Hermosa,Peru
95,Correna,Sarle,36,Female,$49073.79,Acobamba,Peru
96,Jared,Munn,1,Male,$93068.56,Las Yaras,Peru
97,Florencia,Robbs,2,Female,$83580.61,Facatativá,Colombia
98,Marina,Jeroch,34,Female,$58154.56,Matão,Brazil
99,Guinevere,Beviss,24,Female,$9007.21,Pacobamba,Peru
100,Juli,Bunt,18,Female,$24408.23,Ayapel,Colombia
101,Dougie,O'Heneghan,2,Male,$34354.01,Nossa Senhora do Socorro,Brazil
102,Lindsay,Dwerryhouse,20,Male,$36688.47,Formosa,Brazil
103,Brenden,Leer,53,Male,$88237.17,Facatativá,Colombia
104,Erl,McMickan,75,Male,$89598.74,Portão,Brazil
105,Mandi,Morales,81,Female,$31855.28,Huanza,Peru
106,Sherwynd,Chattell,2,Male,$51999.93,Nueva Italia,Paraguay
107,Jordon,Edel,43,Male,$84012.27,São Miguel do Araguaia,Brazil
108,Ulric,Attryde,53,Male,$37975.75,Ilhabela,Brazil
109,Shamus,Fogg,16,Male,$13668.11,Salto,Brazil
110,Juan,Frisel,75,Male,$21390.68,Piritiba,Brazil
111,Ingra,Trassler,31,Male,$19322.21,Otacílio Costa,Brazil
112,Doyle,Fabler,82,Male,$82345.43,São José,Brazil
113,Leon,Limpertz,69,Agender,$64047.11,San Casimiro,Venezuela
114,Giustino,Jerson,78,Male,$4753.99,Lorena,Brazil
115,Simone,Littlechild,27,Male,$52719.92,Campo de la Cruz,Colombia
116,Tiebout,Mucklo,34,Male,$55112.98,Quixeramobim,Brazil
117,Elwin,Lanchbery,40,Male,$38084.71,La Jagua de Ibirico,Colombia
118,Donavon,Grassick,55,Male,$54838.15,Jacupiranga,Brazil
119,Carlee,Wombwell,20,Female,$83797.24,Cabo,Brazil
120,Felipe,Froome,3,Male,$43040.40,La Paz,Argentina
121,Durward,Jeayes,60,Male,$19869.51,Tibillo,Peru
122,Philis,Regi,35,Female,$60031.94,Ribeirão da Ilha,Brazil
123,Jewelle,Swanton,83,Female,$96442.22,Saposoa,Peru
124,Caron,Levick,46,Female,$98294.84,Arraga,Argentina
125,Bentlee,Anstead,35,Male,$9807.14,Encruzilhada do Sul,Brazil
126,Ally,Rookledge,20,Female,$24650.98,Guaíra,Brazil
127,Silvia,Robben,25,Female,$30117.34,Villamontes,Bolivia
128,Tanitansy,Partridge,94,Female,$78515.47,San Jerónimo,Peru
129,Alex,Hansana,48,Male,$15186.43,Tucano,Brazil
130,Hakeem,Mandrey,29,Genderqueer,$66881.07,Buesaco,Colombia
131,Aurilia,Clevely,95,Female,$67504.09,Espinosa,Brazil
132,Jackelyn,Stormonth,68,Female,$95426.25,Crespo,Argentina
133,Shanon,Theobald,24,Female,$84087.48,Sunchales,Argentina
134,Wheeler,Abriani,29,Male,$59751.15,Nova Olímpia,Brazil
135,Jedediah,Withur,41,Male,$34564.16,Chiara,Peru
136,Bentley,Eyers,78,Male,$26866.77,Diamante,Argentina
137,Clerc,Furtado,43,Non-binary,$30564.67,Ipatinga,Brazil
138,Seana,Yablsley,53,Female,$10640.37,Cascavel,Brazil
139,Willow,Porte,90,Female,$51422.63,Pedraza La Vieja,Venezuela
140,Consalve,Boays,23,Male,$19131.04,São Vicente,Brazil
141,Erwin,Ibberson,79,Male,$89758.12,São Bento do Sul,Brazil
142,Georgeanna,Penfold,80,Female,$47193.01,Minador do Negrão,Brazil
143,Ester,Sheather,82,Female,$12188.98,Coloncito,Venezuela
144,Wandis,Hamblett,43,Female,$78861.55,Nueve de Julio,Argentina
145,Karlens,Spilling,55,Male,$86070.49,Rivadavia,Argentina
146,Laurice,Bauchop,37,Female,$60940.25,Frei Paulo,Brazil
147,Michele,Guillem,42,Female,$63697.61,El Carril,Argentina
148,Cherye,Maxstead,98,Female,$12782.21,Iporã,Brazil
149,Talbert,Lightwood,46,Male,$49299.61,Pinheiros,Brazil
150,Neysa,Beincken,27,Female,$33583.52,Sapucaia,Brazil
151,Shayne,Eakins,13,Female,$51355.51,Surcubamba,Peru
152,Troy,Macura,33,Male,$82903.66,Mangaratiba,Brazil
153,Guido,Qualtro,74,Male,$43676.11,Ajoyani,Peru
154,Rollie,Tomich,3,Male,$53467.47,São Félix do Xingu,Brazil
155,Rozamond,Buckmaster,89,Female,$20546.64,Chivor,Colombia
156,Kippy,Goodlake,72,Genderqueer,$53706.18,São José do Egito,Brazil
157,Arley,Arundell,43,Male,$49373.21,Porto Real,Brazil
158,Jackie,Prangnell,23,Male,$42998.85,Acandí,Colombia
159,Griswold,Graham,77,Male,$1991.36,Cantagallo,Colombia
160,Shannah,Custed,42,Female,$55136.12,Iturama,Brazil
161,Allin,Benoy,54,Male,$1075.10,Guacarí,Colombia
162,Ardenia,Pallant,97,Bigender,$83748.29,Tupaciguara,Brazil
163,Odell,Juniper,30,Bigender,$69209.06,Simões Filho,Brazil
164,Francyne,Cregeen,31,Female,$24160.24,Goianira,Brazil
165,Westbrook,Beauchop,37,Male,$63730.98,Loncoche,Chile
166,Isak,Nabarro,8,Male,$88707.02,Cotorra,Colombia
167,Denver,Manderson,100,Male,$38200.40,Massaranduba,Brazil
168,Beret,Ville,35,Female,$9693.98,Saboyá,Colombia
169,Karoline,Hallex,17,Female,$61648.50,Iturama,Brazil
170,Amelie,Azemar,66,Female,$56752.83,Tupanciretã,Brazil
171,Ardella,Laffranconi,95,Female,$72353.52,Aquitania,Colombia
172,Gardiner,Gipp,10,Male,$72904.19,Necoclí,Colombia
173,Max,Crudge,35,Female,$62140.25,Niquelândia,Brazil
174,Osgood,Stoodley,70,Male,$23340.19,Villa Lugano,Argentina
175,Jessamyn,Burles,23,Female,$86074.77,Itapetinga,Brazil
176,Iain,McLagan,41,Male,$95178.59,Cachoeira do Sul,Brazil
177,Donelle,Cogman,23,Female,$74266.43,Russas,Brazil
178,Violette,Gisbourn,8,Female,$65947.02,Paulínia,Brazil
179,Saxon,Horsley,4,Male,$27705.79,Salinas,Brazil
180,Gaile,Prangnell,73,Male,$65527.07,Palmeira,Brazil
181,Montague,Klehn,10,Male,$46537.61,Pilar do Sul,Brazil
182,Bette,Fermor,99,Female,$56717.95,Padre Paraíso,Brazil
183,Gerhardt,McQuilkin,3,Male,$45331.40,Villa General Belgrano,Argentina
184,Rodney,Killock,67,Male,$79656.14,Ituberá,Brazil
185,Thibaud,Plesing,51,Male,$85755.10,Várzea da Palma,Brazil
186,Colline,Stawell,5,Female,$61058.57,Luján de Cuyo,Argentina
187,Brita,Burston,81,Female,$22286.56,Paccha,Peru
188,Trista,Coltan,67,Female,$61379.27,Pamplona,Colombia
189,Fred,Camus,85,Female,$73758.82,Mojocoya,Bolivia
190,Weylin,Chapellow,10,Male,$95965.36,Moreno,Brazil
191,Avrom,Peak,28,Male,$70991.36,Chimbas,Argentina
192,Craggy,Leyson,85,Male,$3948.13,Granada,Colombia
193,Rollins,Souch,25,Male,$95016.18,Santa Rosa,Ecuador
194,Ernesta,Roycraft,51,Female,$24209.42,Huicungo,Peru
195,Letizia,Gaudin,53,Female,$12825.60,Bajo Pichanaqui,Peru
196,Domingo,Willisch,45,Male,$80220.21,Los Rastrojos,Venezuela
197,Theodor,Costelow,37,Male,$59637.65,Coaraci,Brazil
198,Misty,Cluely,26,Female,$61735.13,Franco da Rocha,Brazil
199,Noland,McCorrie,70,Male,$54401.55,Pilluana,Peru
200,Marlowe,Oxenford,81,Male,$10776.36,Tambopata,Peru
201,Alaine,Le Brun,48,Female,$36693.86,Itapecuru Mirim,Brazil
202,Marget,Caulliere,76,Female,$94767.72,Santana do Ipanema,Brazil
203,Zena,Lakenton,34,Female,$93828.74,Madrid,Colombia
204,Andras,Moreinis,49,Male,$52830.61,Ijuí,Brazil
205,Louisette,Rock,14,Female,$84866.02,Veinticinco de Mayo,Argentina
206,Tatiania,Iozefovich,78,Female,$35630.10,Chiquinquirá,Colombia
207,Noell,Shimwall,15,Female,$23860.84,Guaratuba,Brazil
208,Austen,Samwyse,18,Male,$18809.44,Callao,Peru
209,Maris,Leinster,38,Female,$10088.01,Itumbiara,Brazil
210,Stefa,Bawles,46,Female,$59931.42,Milán,Colombia
211,Deeanne,Stonnell,90,Female,$88100.90,Ráquira,Colombia
212,Irina,Gange,47,Female,$17187.00,Cali,Colombia
213,Hollie,Prinne,56,Bigender,$14067.71,Esquina,Argentina
214,Bernita,Baselio,78,Female,$46277.33,Usicayos,Peru
215,Errick,Painter,99,Male,$73425.39,San Martín de los Andes,Argentina
216,Jaclyn,Pollard,16,Female,$41171.27,João Alfredo,Brazil
217,Read,Handes,18,Male,$1805.94,Corral,Chile
218,Elnar,Pentony,95,Male,$86275.55,São João dos Patos,Brazil
219,Candie,Blaby,70,Female,$36681.35,Miracema,Brazil
220,Sollie,Dunphie,73,Male,$86470.41,Necoclí,Colombia
221,Gordie,Antushev,40,Male,$15250.43,Bauru,Brazil
222,Tedie,Keyme,3,Male,$56787.73,Pampas Chico,Peru
223,Sherie,Edgington,78,Female,$9105.97,Maní,Colombia
224,Forrest,Lorkins,86,Non-binary,$82656.30,Laguna Paiva,Argentina
225,Hewie,Rault,16,Male,$31730.16,Castro Barros,Argentina
226,Beatrisa,Oag,54,Female,$99151.23,Kourou,French Guiana
227,Alleyn,Ickovits,15,Male,$8749.68,Cayara,Peru
228,Merrie,Arendsen,81,Female,$73787.03,Monte Carmelo,Brazil
229,Nolly,Gariff,16,Male,$41082.60,Capilla del Monte,Argentina
230,Boot,Pautard,53,Male,$98073.83,Quillabamba,Peru
231,Heida,Belmont,14,Female,$49680.28,Moquegua,Peru
232,Barny,Hollow,31,Male,$69995.09,Pacaraos,Peru
233,Dayna,Hyett,89,Female,$67767.54,Pindorama,Brazil
234,Glendon,McGawn,2,Male,$99459.09,Chitagá,Colombia
235,Marta,Stit,91,Female,$25830.14,Capatárida,Venezuela
236,Salmon,Singyard,6,Male,$10254.49,Acobambilla,Peru
237,Homerus,Blundin,8,Male,$25601.11,Nossa Senhora do Socorro,Brazil
238,Jacinda,Seadon,3,Polygender,$71757.21,Jequitinhonha,Brazil
239,Leeann,McVitty,22,Bigender,$82192.00,Manuel Antonio Mesones Muro,Peru
240,Artur,Rew,74,Male,$55631.87,Alta Gracia,Argentina
241,Silvanus,Bachellier,82,Male,$29714.38,Penalva,Brazil
242,Solly,Furse,54,Agender,$52578.49,Ipameri,Brazil
243,Kristin,Ludford,38,Female,$3758.05,Campamento,Colombia
244,Wes,Theze,3,Male,$41192.47,Huayllo,Peru
245,Margot,Doornbos,11,Female,$48445.55,Paicol,Colombia
246,Wendy,Quinnelly,17,Female,$95825.75,Soritor,Peru
247,Sargent,Antliff,100,Male,$20667.24,El Tambo,Peru
248,Jone,Litel,80,Male,$45525.82,Jamundí,Colombia
249,Kerianne,Rogan,74,Female,$11667.43,Villamaría,Colombia
250,David,Stubbings,66,Male,$27043.01,Facatativá,Colombia
251,Arabela,Marcoolyn,30,Polygender,$2263.38,Bello,Colombia
252,Trey,Munford,93,Male,$15898.51,Yumbo,Colombia
253,Charmion,Sprouls,89,Female,$41416.21,Chojata,Peru
254,Donnie,Galle,71,Female,$2608.75,Agudos,Brazil
255,Dani,Byrd,3,Female,$70857.20,Chazón,Argentina
256,Brit,Fesby,65,Female,$71976.79,Tintina,Argentina
257,Ferris,McCaighey,85,Male,$97934.95,Chalamarca,Peru
258,Elwood,Swinden,87,Male,$6385.93,Chipaque,Colombia
259,Erskine,Braybrook,10,Male,$54193.23,Cravinhos,Brazil
260,Nap,McGilmartin,87,Male,$4159.27,Brumadinho,Brazil
261,Tadeo,Jandl,91,Male,$72835.80,Coasa,Peru
262,Thea,Jezzard,34,Female,$77040.86,Pirapora do Bom Jesus,Brazil
263,Vallie,Lipgens,20,Female,$12983.39,Zaña,Peru
264,Consuela,Bassford,66,Female,$32742.57,Barrancas,Colombia
265,Dianne,Chrystal,38,Female,$32588.48,Pontal,Brazil
266,Chloe,MacDavitt,19,Female,$67223.82,Palca,Peru
267,Trevar,Rucklidge,58,Male,$32496.96,Puerto Montt,Chile
268,Lorrayne,Townshend,36,Female,$51434.00,Grajaú,Brazil
269,Mervin,Wenderott,57,Male,$79851.60,Futaleufú,Chile
270,Burt,Iglesiaz,83,Male,$15042.29,Lapachito,Argentina
271,Ned,Portal,95,Male,$62660.73,Manacapuru,Brazil
272,Tersina,Chate,36,Female,$79186.53,São João dos Patos,Brazil
273,Eddi,Kettles,47,Female,$84058.48,Huacachi,Peru
274,Biddy,Safhill,90,Female,$45520.17,Baláo,Ecuador
275,Kathryne,Timmins,100,Genderqueer,$61143.36,Veranópolis,Brazil
276,Nicole,Trayton,38,Female,$17916.45,Nilópolis,Brazil
277,Ryley,Lavalde,90,Male,$94957.85,Junín,Argentina
278,Rossy,Littledyke,61,Male,$9925.66,Rio Claro,Brazil
279,Mikel,Shellard,20,Male,$49621.49,Girardot,Colombia
280,Cullen,Pinney,79,Male,$74393.91,Pinheiral,Brazil
281,Roosevelt,Upham,61,Male,$21272.84,Coari,Brazil
282,Gweneth,Hanley,92,Female,$62763.18,Cosquín,Argentina
283,Krystyna,Delicate,29,Female,$23196.17,Veinticinco de Mayo,Argentina
284,Egor,Glenister,45,Male,$33622.58,Paty do Alferes,Brazil
285,Devin,Gwynn,7,Female,$78648.20,Ocaña,Colombia
286,Lia,Du Hamel,60,Female,$87124.97,Buri,Brazil
287,Roman,Khomich,51,Male,$2504.78,Mogi das Cruzes,Brazil
288,Jaquith,Starking,43,Female,$68390.00,Petrolina,Brazil
289,Antoine,Allsop,40,Male,$23269.18,Timbaúba,Brazil
290,Sascha,Gard,16,Male,$50413.32,Castanhal,Brazil
291,Johnna,Bruce,21,Female,$72594.55,Buenos Aires,Colombia
292,Genevra,Van der Hoeven,79,Genderfluid,$72564.87,Itagibá,Brazil
293,Jerry,Matteau,67,Male,$94685.84,Ancasti,Argentina
294,Shep,Attwell,38,Bigender,$16181.87,Ccuntuma,Peru
295,Edythe,Bortoletti,50,Female,$59135.93,Santa Cruz do Sul,Brazil
296,Merrie,Goldes,71,Female,$25207.80,Campo de la Cruz,Colombia
297,Rosaleen,Stranks,19,Agender,$74953.85,San Patricio,Paraguay
298,Georgianna,Frenzl,58,Female,$87674.81,Imbituba,Brazil
299,Donny,Rait,91,Male,$31685.02,Laguna,Brazil
300,Stefan,Champley,24,Male,$93501.45,Puerto Quellón,Chile
301,Cody,Smithson,77,Male,$97816.28,Rio Novo do Sul,Brazil
302,Thoma,Seson,83,Bigender,$84226.79,Cotia,Brazil
303,Latisha,Chislett,32,Female,$3447.91,Los Dos Caminos,Venezuela
304,Zak,Snookes,73,Male,$63685.45,Sogamoso,Colombia
305,Boyce,Telezhkin,56,Male,$2368.29,Jaboticabal,Brazil
306,Siusan,Goodee,90,Female,$74860.82,Dom Pedro,Brazil
307,Gearalt,Chatres,70,Male,$95683.17,Cabanaconde,Peru
308,Janessa,Lathbury,96,Female,$92049.12,Governador Valadares,Brazil
309,Indira,Ewing,18,Female,$80298.26,Jardim,Brazil
310,Anastasie,Kattenhorn,57,Female,$74551.37,Salto,Argentina
311,Emanuele,Rain,100,Male,$64241.90,Santa Lucía,Argentina
312,Clarine,Carrabott,38,Female,$6969.02,Puerto Esperanza,Argentina
313,Kingston,Alloway,43,Male,$55261.68,Jardim do Seridó,Brazil
314,Anastasie,Scholig,33,Female,$10516.38,Catache,Peru
315,Jillian,Iddins,28,Female,$18922.11,São Miguel do Araguaia,Brazil
316,Willis,Findon,72,Male,$50400.71,General San Martín,Argentina
317,Barbe,Ralling,81,Female,$46105.45,Andradas,Brazil
318,Lissie,Millson,47,Polygender,$77874.91,Itapema,Brazil
319,Jeniffer,Sevin,58,Female,$94358.61,Ayapel,Colombia
320,Brandy,Brahan,1,Female,$97874.18,La Unión,Chile
321,Gan,Greedier,95,Male,$65417.06,Margarita,Colombia
322,Marybeth,Elloit,91,Female,$86505.39,Taquarituba,Brazil
323,Crissie,Watkiss,53,Female,$15480.38,Planaltina,Brazil
324,Kimbell,Devericks,67,Male,$40827.02,Duraznopampa,Peru
325,Tabbitha,Hiscocks,80,Female,$50877.43,Huatajata,Bolivia
326,Fons,Margerison,12,Male,$32748.97,Santa Adélia,Brazil
327,Shea,Worsall,26,Agender,$47241.03,Eloy Alfaro,Ecuador
328,Sheeree,Siggs,1,Female,$36499.40,La Esperanza,Colombia
329,Tobin,Hunstone,24,Male,$70373.08,Santa Ana,Peru
330,Kele,Shall,28,Male,$10686.15,Barra do Garças,Brazil
331,Briana,Cicchetto,60,Female,$91315.49,Guamo,Colombia
332,Filbert,Silk,77,Male,$66696.81,Santiago del Estero,Argentina
333,Hailee,Spaven,35,Female,$52915.46,San Martín de los Andes,Argentina
334,Janaya,Loache,89,Genderfluid,$16323.76,Ingeniero Guillermo N. Juárez,Argentina
335,Lenora,Cardenosa,10,Female,$60386.15,Cascavel,Brazil
336,Rasia,Youell,90,Female,$13015.33,Tubarão,Brazil
337,Audrey,Monelle,74,Female,$40892.79,Villaguay,Argentina
338,Fredek,Duesbury,70,Male,$81054.58,La Cocha,Argentina
339,Agustin,Denyukhin,16,Male,$1570.04,San Antonio,Venezuela
340,Galvin,Elton,56,Male,$87014.86,Bayeux,Brazil
341,Nicko,Dalby,96,Male,$24596.95,Vitória da Conquista,Brazil
342,Geno,Silverthorne,18,Male,$18335.03,Matahuasi,Peru
343,Saxon,McInnerny,84,Male,$91302.14,Osorno,Chile
344,Renaldo,Berkeley,85,Male,$44817.62,Quirinópolis,Brazil
345,Bobbee,Martell,95,Female,$42320.55,Pôsto Fiscal Rolim de Moura,Brazil
346,Bryn,Le Moucheux,52,Male,$12214.04,La Montañita,Colombia
347,Bonny,Ausello,72,Female,$89172.69,Alagoinhas,Brazil
348,Justin,McAtamney,59,Male,$61060.84,Sobradinho,Brazil
349,Maryl,Message,77,Female,$45960.61,Huaccana,Peru
350,Rinaldo,Ellyatt,67,Male,$92370.63,Manoel Urbano,Brazil
351,Aldrich,Moughton,30,Male,$15889.64,Santa Elena,Ecuador
352,Myriam,Archdeckne,5,Genderqueer,$81170.35,Santa Bárbara,Venezuela
353,Ody,Sentinella,64,Male,$80209.07,Guaratuba,Brazil
354,Linc,Pratton,87,Male,$51900.33,Tame,Colombia
355,George,Boles,1,Female,$69689.37,São Gotardo,Brazil
356,Kippie,Chatteris,50,Male,$31602.82,Matias Olímpio,Brazil
357,Evania,Volks,14,Female,$36550.14,Tefé,Brazil
358,Wallache,Dranfield,42,Male,$71381.25,Pato Branco,Brazil
359,Chaddy,Heynel,95,Male,$11093.94,Cerro Azul,Argentina
360,Joleen,Beart,35,Female,$32773.65,Taurija,Peru
361,Ralph,Felten,26,Male,$71461.85,"Villa Presidente Frei, Ñuñoa, Santiago, Chile",Chile
362,Thedric,Bussens,42,Male,$90912.05,Rivera,Colombia
363,Marsh,Koppke,77,Male,$34440.86,Santo Anastácio,Brazil
364,Dagny,Haslum,16,Male,$23766.56,Ilhabela,Brazil
365,Caressa,Tembey,11,Female,$82650.23,Mutum,Brazil
366,Pietra,Milbourn,15,Female,$85595.67,Niepos,Peru
367,Mandie,Farans,24,Bigender,$21671.33,Morales,Colombia
368,Lynnette,Checchi,9,Female,$94606.17,Pombal,Brazil
369,Phedra,Dominik,9,Female,$38872.02,Nerópolis,Brazil
370,Alis,Alloisi,37,Female,$84907.07,Santo Anastácio,Brazil
371,Ileane,Aberdalgy,93,Female,$35523.46,El Calafate,Argentina
372,Quentin,Malek,85,Female,$10180.00,Cochabamba,Peru
373,Louisa,Husset,52,Female,$6066.20,Tramandaí,Brazil
374,Freeman,Clyde,22,Male,$17562.01,Novo Aripuanã,Brazil
375,Tye,Wandrich,20,Male,$76716.77,Colonia Nicolich,Uruguay
376,Barrett,Veneur,57,Male,$86512.77,Huacrapuquio,Peru
377,Curt,Tott,46,Non-binary,$91129.81,Reconquista,Argentina
378,Antonio,Coram,36,Male,$37221.10,Pasaje,Ecuador
379,Louise,Klimaszewski,58,Female,$56966.06,La Quebrada,Venezuela
380,Olin,Bulfoot,40,Male,$59483.64,Pomerode,Brazil
381,Deidre,Leeburne,60,Female,$49411.71,Paulínia,Brazil
382,Tracy,Roseborough,81,Male,$46291.47,Itajaí,Brazil
383,Flossy,Swannell,63,Female,$15024.89,Nueva Requena,Peru
384,Kristy,Vynarde,82,Female,$56336.23,Chiriguaná,Colombia
385,Skipton,Ellice,76,Male,$28738.72,Naranjal,Paraguay
386,Sallee,Zienkiewicz,64,Female,$60610.58,Huaraz,Peru
387,Sofie,Wedgbrow,59,Female,$53433.27,Máncora,Peru
388,Loralyn,Zoppie,94,Female,$70860.30,Açu,Brazil
389,Lillis,Huthart,3,Female,$72238.72,Anaco,Venezuela
390,Zackariah,Gooms,12,Male,$4559.98,Palmar de Varela,Colombia
391,Evin,Blewett,12,Male,$14699.61,Panguipulli,Chile
392,Alleyn,Sommerlin,42,Male,$76535.68,Rolante,Brazil
393,Henrik,Lampert,19,Male,$6700.93,Rauco,Chile
394,Woodman,Tomaskov,3,Genderqueer,$93294.01,Migues,Uruguay
395,Angie,Kelk,1,Male,$41710.55,Bum Bum,Venezuela
396,Umberto,Marchington,28,Male,$97934.86,Itupiranga,Brazil
397,Kerk,Adamsky,3,Male,$26655.98,Itaquaquecetuba,Brazil
398,Walton,Celez,51,Male,$74601.18,San Alberto,Colombia
399,Merrie,Forsyde,91,Female,$82955.51,Sabanalarga,Colombia
400,Nerti,Aubrun,5,Female,$94542.28,Alejandro Roca,Argentina
401,Mayor,Duetschens,65,Agender,$17431.87,La Falda,Argentina
402,Gabbey,Thrasher,58,Female,$72023.83,Itapagé,Brazil
403,Shirline,Hubane,12,Female,$84255.00,El Zulia,Colombia
404,Nedda,Budding,9,Female,$91108.19,Isnos,Colombia
405,Riordan,Colbourne,14,Male,$19758.29,Blumenau,Brazil
406,Hailey,Pike,93,Male,$53761.83,Erechim,Brazil
407,Killian,Chalfont,23,Male,$75216.44,Itupeva,Brazil
408,Erhard,Coat,56,Male,$8252.64,Purificación,Colombia
409,Salomo,Spedroni,85,Male,$45235.29,Pinheiral,Brazil
410,Meredith,Innerstone,61,Female,$35036.98,Sarandi,Brazil
411,Clarine,Blount,41,Female,$12107.86,Antaparco,Peru
412,Thea,Hachard,39,Genderfluid,$36561.23,Porto União,Brazil
413,Madelaine,Dinan,72,Female,$42598.47,Guanambi,Brazil
414,Winfred,Willets,85,Male,$39586.21,Málaga,Colombia
415,Tobin,Steagall,54,Male,$72223.65,Bayeux,Brazil
416,Reid,Edards,54,Male,$93958.52,Estância Velha,Brazil
417,Mireille,Goadbie,9,Female,$84489.78,Cereté,Colombia
418,Regan,Blandamere,67,Female,$13768.22,Maripa,Venezuela
419,Umberto,Henrie,77,Male,$77723.88,Santa Maria,Brazil
420,Sharlene,Biffen,2,Female,$35515.98,Pallasca,Peru
421,Clerkclaude,Binner,40,Male,$15131.08,Arroio do Meio,Brazil
422,Lorna,Pledger,43,Female,$30697.85,Tarata,Bolivia
423,Jerri,Kiljan,88,Male,$97051.86,Penápolis,Brazil
424,Sondra,Bonds,9,Female,$59316.98,Cucutilla,Colombia
425,Sigmund,Barfitt,81,Male,$56685.80,Salamanca,Chile
426,Donna,Bolley,49,Female,$84687.13,Paratinga,Brazil
427,Barbie,Croley,37,Genderfluid,$49890.80,Palotina,Brazil
428,Paolo,Leaf,81,Male,$78329.67,Diamante,Argentina
429,Genvieve,Kimmons,32,Female,$26851.67,Cambará,Brazil
430,Yorker,Haet,4,Male,$41602.96,Celso Ramos,Brazil
431,Minetta,Feldberg,97,Female,$26768.43,Ciudad Bolívar,Colombia
432,Silvana,Lapenna,51,Female,$95919.75,Canguçu,Brazil
433,Silvanus,Whardley,49,Male,$65674.95,Nova Granada,Brazil
434,Rolf,Trahair,57,Male,$91618.85,Santarém,Brazil
435,Linn,Robertazzi,27,Polygender,$65970.00,Itaperuna,Brazil
436,Arlyne,Feast,75,Female,$8165.91,La Poma,Argentina
437,Eberto,Pettingill,72,Male,$47906.65,Balneário Camboriú,Brazil
438,Juliette,Bento,77,Female,$97622.16,Imbituva,Brazil
439,Antonius,Vicker,2,Male,$37510.86,Coelho Neto,Brazil
440,Arv,Filipov,2,Male,$48119.99,Itabaiana,Brazil
441,Mona,Sparey,24,Female,$69596.32,Canavieiras,Brazil
442,Francisco,Ornils,73,Male,$89357.31,Queimados,Brazil
443,Mordecai,Yu,3,Genderqueer,$97185.39,Tandil,Argentina
444,Aggie,Minor,88,Female,$73757.68,General Martín Miguel de Güemes,Argentina
445,Gale,Kezar,89,Female,$45482.91,Itapetinga,Brazil
446,Torey,Boutton,91,Non-binary,$55448.90,Río Segundo,Argentina
447,Lennie,Wedgwood,44,Male,$52161.74,Guanambi,Brazil
448,Halette,Penny,41,Female,$51536.52,General La Madrid,Argentina
449,Crosby,Willerton,72,Male,$51598.32,Paulo Afonso,Brazil
450,Mickie,Heinonen,35,Female,$43751.37,Jandaia do Sul,Brazil
451,Paddie,Whapple,71,Male,$31569.08,El Arañado,Argentina
452,Remington,Swanne,2,Male,$70854.60,Jacupiranga,Brazil
453,Russell,Buttery,47,Agender,$26733.09,Itajaí,Brazil
454,De witt,Benezeit,40,Male,$52487.29,La Esperanza,Colombia
455,Jameson,Henworth,84,Male,$38889.74,La Quiaca,Argentina
456,Chrisy,Beswell,65,Agender,$74405.02,São Luís do Quitunde,Brazil
457,Jedediah,Shillabeer,13,Male,$84529.74,Morro do Chapéu,Brazil
458,Diann,Nutton,60,Female,$95439.61,Bertioga,Brazil
459,Guillema,Janus,17,Female,$37354.20,Tayabamba,Peru
460,Maye,Duguid,36,Female,$98259.13,San Antonio Oeste,Argentina
461,Reilly,Rawstron,5,Male,$13635.76,San Pablo,Peru
462,Michelina,Wilse,64,Female,$50566.03,Yacuíba,Bolivia
463,Gilberta,Guyver,91,Female,$41840.83,Forquilhinha,Brazil
464,Faber,Whiskerd,14,Male,$8390.73,Tandil,Argentina
465,Lindon,Ramsell,63,Male,$50380.81,Jutaí,Brazil
466,Guillema,Ogley,27,Female,$87088.65,Leticia,Colombia
467,Alexandro,Eddisford,30,Male,$80593.50,Promissão,Brazil
468,Carleton,Seagood,62,Bigender,$45953.73,Perdões,Brazil
469,Carey,Linford,28,Female,$16261.43,Chavarría,Argentina
470,Niko,Hutsby,40,Male,$26922.85,Mirador,Brazil
471,Ashley,Rubenchik,26,Female,$14166.02,Aija,Peru
472,Helena,Falloon,56,Female,$25545.81,Zaña,Peru
473,Danette,Syddon,2,Female,$82127.40,Vilque,Peru
474,Hector,D'Oyly,22,Male,$12863.77,San José del Guaviare,Colombia
475,Algernon,Lindmark,70,Male,$96882.33,Chicama,Peru
476,Tallie,Pearn,53,Female,$72492.50,Villa Paula de Sarmiento,Argentina
477,Odie,Dibbe,22,Male,$44517.97,Ipueiras,Brazil
478,Alastair,Flattman,78,Male,$92824.01,Herrera,Argentina
479,Lurline,Stotherfield,50,Female,$98410.65,Augusto Corrêa,Brazil
480,Eddy,Hadden,1,Female,$76967.69,Avaré,Brazil
481,Padraic,Greenfield,28,Male,$52098.33,Casigua El Cubo,Venezuela
482,Marieann,Hurlestone,4,Female,$47852.94,Los Cerrillos,Uruguay
483,Jackson,MacKnockiter,32,Male,$20431.24,Uruguaiana,Brazil
484,Cathyleen,Gorring,27,Female,$71925.32,El Carmen,Colombia
485,Jonathon,Jenner,97,Male,$72307.83,Huanza,Peru
486,Gabie,Wallis,67,Female,$14010.77,Boa Vista,Brazil
487,Harlan,Younghusband,85,Male,$52654.16,Moquegua,Peru
488,Eugene,Stolworthy,13,Male,$21024.54,Casilda,Argentina
489,Connie,Vossing,56,Female,$52361.89,Cachoeirinha,Brazil
490,Nev,Troni,81,Male,$62412.51,Huerta Grande,Argentina
491,Jeremias,Getten,52,Non-binary,$58938.56,Tambo Grande,Peru
492,Cecilia,Groneway,84,Female,$74872.48,Lauro de Freitas,Brazil
493,Erwin,Palk,37,Male,$57084.54,Arjona,Colombia
494,Alika,Jude,95,Female,$89373.64,Camocim,Brazil
495,Natale,Styant,47,Polygender,$95406.89,Pará de Minas,Brazil
496,Dory,Sexten,27,Female,$16602.15,Chone,Ecuador
497,Sly,Lerwill,80,Male,$39229.70,Descalvado,Brazil
498,Scarlett,Chesser,53,Female,$89053.61,Matinha,Brazil
499,Katine,Runnicles,95,Female,$30101.36,Várzea Grande,Brazil
500,Winnifred,Sture,44,Female,$5121.75,Itaparica,Brazil
501,Davina,Fieldgate,56,Female,$68827.99,Caramuca,Venezuela
502,Quinn,Forri,67,Female,$28470.58,Concordia,Peru
503,Lindy,Akester,61,Female,$98837.75,Cassilândia,Brazil
504,Lelah,Furze,52,Female,$47248.36,Belo Oriente,Brazil
505,Cliff,Steuart,34,Genderqueer,$83731.92,Puerto Rico,Peru
506,Kenyon,Jakoubec,28,Bigender,$21511.76,São Lourenço,Brazil
507,Louisette,Yegorev,21,Female,$56494.55,General Cabrera,Argentina
508,Wallas,Mabe,82,Bigender,$97473.26,Capioví,Argentina
509,Merilee,Le Gall,44,Female,$52753.93,Ichupampa,Peru
510,Stanwood,Jaulme,91,Male,$17489.51,San Francisco,Colombia
511,Sheilah,MacDonagh,3,Female,$78815.30,São Bento do Sul,Brazil
512,Marcelline,Hanbidge,36,Female,$72964.13,Itajaí,Brazil
513,Mabelle,Alejandre,6,Female,$28757.11,Valinhos,Brazil
514,Michel,Lohde,70,Male,$44039.39,Changuillo,Peru
515,Wait,Grouen,27,Male,$9701.15,Campinas,Brazil
516,Dorie,Juhruke,2,Female,$90159.73,Capim Grosso,Brazil
517,Adina,Dundredge,100,Genderfluid,$29509.65,Trelew,Argentina
518,Jillie,Ager,34,Female,$91403.52,Pereira,Colombia
519,Jephthah,Spratley,76,Male,$87205.99,Araguaína,Brazil
520,Crissy,Haycock,100,Female,$63110.14,Belén de Umbría,Colombia
521,Joseph,Semper,12,Male,$68430.35,Cruz das Almas,Brazil
522,Kennedy,Batchelder,91,Male,$37892.78,Valdivia,Chile
523,Danielle,Jarmyn,37,Female,$34659.77,Parobé,Brazil
524,Darrell,Rowantree,100,Male,$44361.93,Santa Rosa,Uruguay
525,Ximenes,Bricknall,66,Male,$93089.24,San Buenaventura,Peru
526,Deidre,Cramphorn,68,Female,$8037.23,Freire,Chile
527,Sasha,Shenton,26,Male,$66674.84,Las Junturas,Argentina
528,Ollie,Brody,32,Male,$37633.09,Cerrillos,Argentina
529,Gustaf,Deville,43,Male,$19235.38,Palmitas,Uruguay
530,Frazer,Fishe,5,Male,$5497.43,Las Heras,Argentina
531,Lidia,Chadderton,77,Female,$37943.87,Rionegro,Colombia
532,Pepe,Manus,65,Male,$66991.74,Puerto Iguazú,Argentina
533,Tanya,McPartling,71,Female,$67193.94,Brea Pozo,Argentina
534,Angeli,Daintry,22,Male,$30915.61,Tena,Ecuador
535,Dale,Birkhead,62,Female,$7926.02,Sarzedo,Brazil
536,Kelwin,Salvage,32,Male,$77199.91,Yuto,Argentina
537,Terence,Hanington,33,Male,$5370.50,Salas,Peru
538,Holmes,Lutas,43,Male,$80220.93,Caeté,Brazil
539,Mikol,Conway,33,Male,$85421.04,Pesqueira,Brazil
540,Creigh,Weitzel,55,Male,$16445.59,Várzea Grande,Brazil
541,Elsinore,Timeby,95,Female,$26853.54,Cerinza,Colombia
542,Katrine,Endecott,98,Female,$28061.32,San Lorenzo,Argentina
543,Cyndi,Preto,65,Female,$37270.03,El Bolsón,Argentina
544,Chantalle,Chipman,63,Female,$98671.54,Caxambu,Brazil
545,Ingamar,Hirtz,56,Male,$18717.68,Municipio de Copacabana,Colombia
546,Rodi,McGrath,60,Female,$33229.90,Gualeguay,Argentina
547,Desmund,Castanone,3,Male,$42423.65,Birigui,Brazil
548,Celina,de Cullip,89,Female,$27898.03,Arauca,Colombia
549,Ty,Margetts,35,Genderfluid,$99962.00,Lajeado,Brazil
550,Abraham,Elgey,54,Male,$82916.51,El Corozo,Venezuela
551,Oby,Kneafsey,43,Male,$43392.22,Gaimán,Argentina
552,Quinn,Calvie,55,Male,$21653.12,Cariaco,Venezuela
553,Kirbie,Dixey,39,Female,$98410.07,Toledo,Brazil
554,Manolo,O'Hederscoll,74,Male,$79806.54,Miracema,Brazil
555,Emmy,Derricoat,68,Male,$48510.92,Águas de Lindóia,Brazil
556,Bartie,Verduin,78,Male,$94355.38,Mineiros,Brazil
557,Ceil,Rivers,77,Female,$7196.66,Paracuru,Brazil
558,Cassey,Frotton,97,Genderfluid,$50117.50,Lautaro,Chile
559,Tibold,Jeaffreson,30,Male,$99769.06,La Plata,Colombia
560,Rafaellle,Anstiss,23,Male,$69869.02,Zipaquirá,Colombia
561,Jaymie,Wudeland,8,Male,$87764.97,Iquique,Chile
562,Loree,McQuirk,13,Female,$36856.39,San Ignacio de Velasco,Bolivia
563,Mack,Copnell,29,Male,$20107.27,Barranquilla,Colombia
564,Jasen,Cattrell,72,Male,$30530.93,Trinidad,Peru
565,Lorrie,Ricards,42,Genderqueer,$20154.10,Puerto Madryn,Argentina
566,Lind,Coetzee,18,Female,$50743.01,Llocllapampa,Peru
567,Deva,Hedling,22,Female,$16021.98,El Espino,Colombia
568,Tildy,Brightey,70,Female,$22603.90,Buritis,Brazil
569,Scot,Bellany,13,Agender,$36281.00,Villa Hayes,Paraguay
570,Lin,Venditto,68,Male,$40402.22,Nueva Loja,Ecuador
571,Kim,Keddey,94,Male,$95101.11,Nova Russas,Brazil
572,Evaleen,Ivashinnikov,68,Female,$54333.08,El Retén,Colombia
573,Kathe,Benedtti,19,Female,$66070.14,El Monte,Chile
574,Minnie,Hearle,98,Female,$20253.18,Antabamba,Peru
575,Inesita,Hardacre,56,Female,$64043.11,El Cuy,Argentina
576,Angeli,Giorgiutti,53,Male,$98423.58,Guanay,Bolivia
577,Sianna,Fido,92,Female,$11170.86,El Regalo,Venezuela
578,Finn,Mullis,34,Male,$87378.62,Águas de Lindóia,Brazil
579,Sigismondo,Dovey,10,Male,$98915.56,Oliveira,Brazil
580,Sanders,Milius,96,Male,$72445.90,Tucumã,Brazil
581,Vivien,Burgane,30,Female,$89896.22,Ihuari,Peru
582,Matty,Ellison,10,Female,$21766.96,Camaquã,Brazil
583,Lemmie,Rigler,87,Male,$75449.82,Chinchero,Peru
584,Tallie,Werny,31,Female,$73771.60,Medina,Brazil
585,Hillie,Dillway,44,Male,$23155.60,Valparaíso,Brazil
586,Dalia,Gissing,70,Female,$62997.11,Huayllati,Peru
587,Cristian,Domokos,61,Male,$48323.02,La Cueva,Bolivia
588,Nikos,Keeling,72,Male,$90983.35,Chuquitira,Peru
589,Schuyler,Nelthropp,28,Male,$19548.26,Concepción,Peru
590,Kamilah,Soall,90,Female,$60933.91,Coloncito,Venezuela
591,Lilas,Ahrenius,72,Female,$3333.32,La Curva,Peru
592,Emelda,Lardier,36,Female,$69336.57,Molina,Chile
593,Townie,Curee,36,Male,$99381.48,Tuti,Peru
594,Saxon,Corneil,39,Male,$3621.75,Guataquí,Colombia
595,Ashly,Amos,44,Agender,$26828.31,Nepomuceno,Brazil
596,Mozelle,Ivanilov,99,Female,$73690.53,Paucar,Peru
597,Pen,Gurry,1,Male,$99549.25,Chugur,Peru
598,Elyn,Roubottom,39,Female,$68781.92,Piedecuesta,Colombia
599,Sawyer,Drowsfield,40,Male,$70960.17,Balboa,Colombia
600,Jerry,Mazzey,45,Female,$38465.77,Corrientes,Argentina
601,Jerome,Pariso,68,Male,$4275.09,Campo de la Cruz,Colombia
602,Bab,Denham,79,Female,$31878.28,Carabayllo,Peru
603,Vivi,Lared,94,Female,$59778.91,La Laja,Chile
604,Cathryn,Frome,5,Female,$92441.34,Cochabamba,Peru
605,Tracie,Di Francecshi,26,Male,$30735.59,Igarapé Miri,Brazil
606,Grove,Holah,69,Male,$71405.59,Santa,Peru
607,Aland,Snooks,33,Genderqueer,$71981.82,Pomahuaca,Peru
608,Der,Ceschi,28,Male,$13324.55,Azul,Argentina
609,Jaquenette,Clausson,81,Female,$39316.95,Balsas,Brazil
610,Clarita,Lavalde,98,Female,$35192.99,São Jerônimo,Brazil
611,Batsheva,Lecount,55,Female,$94157.12,Aguilares,Argentina
612,Walker,Iwaszkiewicz,13,Male,$35145.53,Itabirito,Brazil
613,Edik,Domleo,41,Male,$67097.11,Araxá,Brazil
614,Ronalda,Trolley,56,Female,$28229.22,Pitalito,Colombia
615,Carol,Oliver,33,Female,$84097.35,Mogi Mirim,Brazil
616,Carny,Leadbeatter,48,Male,$17045.52,La Unión,Peru
617,Chip,Gyse,4,Male,$88740.83,Barcarena,Brazil
618,Reinaldos,Waddup,37,Polygender,$61471.27,Cáchira,Colombia
619,Ira,Pickersgill,10,Female,$58904.90,Llipa,Peru
620,Marianna,Vakhonin,40,Female,$62962.12,Ipirá,Brazil
621,Drud,Hugli,59,Male,$43019.80,Palmito,Colombia
622,Emmye,Woolerton,88,Female,$9854.24,Manaquiri,Brazil
623,Adriane,Lutton,99,Female,$70959.32,Guachucal,Colombia
624,Donaugh,Beasant,52,Male,$27351.41,Acevedo,Colombia
625,Guillermo,Micheu,67,Male,$75223.34,Barreiros,Brazil
626,Heloise,Heustace,19,Female,$36757.86,Barinitas,Venezuela
627,Nataline,Vasyunin,81,Female,$35789.13,Chillia,Peru
628,Michal,Iron,90,Male,$7908.51,Paracambi,Brazil
629,Inez,Josselsohn,68,Female,$90927.04,Penha,Brazil
630,Pauly,Frankcombe,94,Male,$54549.84,Zaraza,Venezuela
631,Herc,Soden,61,Agender,$68474.77,Presidente Dutra,Brazil
632,Tait,Radmore,56,Male,$12937.68,Las Vegas,Venezuela
633,Tades,Breslauer,100,Male,$63188.57,Apiaí,Brazil
634,Karry,Manclark,45,Female,$53560.09,Padre Bernardo,Brazil
635,Aubert,Gration,19,Male,$19404.99,Guaduas,Colombia
636,Tailor,Benitez,79,Male,$89736.49,Gaspar,Brazil
637,Edee,Woodthorpe,25,Female,$93395.09,Ortega,Colombia
638,Jilly,Hobben,26,Bigender,$40316.26,La Cruz,Colombia
639,Cheston,Pipkin,63,Male,$54128.52,Santa Lucía,Argentina
640,Lazare,Pichmann,52,Male,$60065.11,Bom Jesus dos Perdões,Brazil
641,Neil,Currie,44,Male,$71771.93,La Ligua,Chile
642,Janot,Doman,79,Female,$1419.42,Macapo,Venezuela
643,Farica,Jailler,44,Female,$88538.10,Campoalegre,Colombia
644,Aldis,Winterton,62,Male,$29220.05,Cusco,Peru
645,Trula,Warrier,79,Female,$12246.25,Nova Olímpia,Brazil
646,Scot,Hamal,91,Male,$94055.12,Puyo,Ecuador
647,Candis,Limpkin,17,Female,$25026.83,Capão da Canoa,Brazil
648,Kevan,Rowston,89,Male,$27808.79,Itaparica,Brazil
649,Patrizius,Trayhorn,64,Male,$30593.64,Presidencia Roque Sáenz Peña,Argentina
650,Billie,Bridges,96,Female,$28134.39,Pensilvania,Colombia
651,Sioux,Cranton,46,Genderfluid,$76033.42,São José do Egito,Brazil
652,Kassandra,Borell,91,Female,$37039.77,Macaé,Brazil
653,Celestina,Macbane,56,Female,$46311.03,Palmares,Brazil
654,Corry,Ackroyd,54,Female,$51706.22,Villa Ángela,Argentina
655,Christie,Wellington,50,Male,$10377.08,Capacmarca,Peru
656,Norbert,Puden,98,Male,$53533.29,Benjamin Constant,Brazil
657,Karoly,Coulson,14,Female,$66367.11,Pucón,Chile
658,Teodor,Butten,36,Male,$16367.70,Boa Vista,Brazil
659,Kirk,Hessay,67,Bigender,$40710.86,Rada Tilly,Argentina
660,David,Hunstone,38,Male,$2432.21,La Estrella,Colombia
661,Janessa,Shackel,2,Female,$98394.09,Catanduva,Brazil
662,Tony,Blayney,3,Male,$56371.61,Itajubá,Brazil
663,Enrichetta,Batson,35,Female,$61239.76,Rengo,Chile
664,Constancy,Vasnev,77,Female,$9851.85,Itaperuna,Brazil
665,Vinny,Whiteoak,52,Bigender,$10246.25,Colca,Peru
666,Cassie,Kaplan,72,Female,$90316.77,Ribeirão da Ilha,Brazil
667,Arley,Mincher,43,Male,$28619.42,Vilhena,Brazil
668,Kial,Terese,8,Female,$29798.51,Guarapari,Brazil
669,Seka,Ivanikhin,26,Female,$27010.90,Xanxerê,Brazil
670,Emmalynne,Banaszczyk,94,Female,$82806.35,Ubatuba,Brazil
671,Kimberli,Tunna,40,Female,$68304.29,Muquiyauyo,Peru
672,Eugenie,Alexandre,89,Female,$44295.82,Regente Feijó,Brazil
673,Lanette,Lunk,8,Female,$45105.84,Mocupe,Peru
674,Gerri,Tingle,13,Genderqueer,$16109.91,Santa Fe de la Vera Cruz,Argentina
675,Demetre,Eastwood,10,Male,$15374.64,Viana,Brazil
676,Chaim,Corkett,66,Male,$72624.15,Plato,Colombia
677,Boothe,Eye,30,Male,$15304.47,Villa Las Rosas,Argentina
678,Corry,Coan,46,Female,$21143.09,Villa Serrano,Bolivia
679,Robin,O'Fihillie,6,Male,$34355.96,Jaru,Brazil
680,Riobard,Siely,41,Male,$7018.95,Cândido Mota,Brazil
681,Rachelle,Bartens,35,Female,$9269.45,Lucas,Brazil
682,Fey,Swyne,36,Female,$14436.54,Alegrete,Brazil
683,Collie,Northedge,72,Female,$46862.14,Boa Esperança,Brazil
684,Obadias,Scotson,5,Male,$36467.85,Pizarro,Colombia
685,Denice,Zealy,88,Female,$29482.16,Cerquilho,Brazil
686,Ferris,Shower,48,Male,$70205.26,Araçuaí,Brazil
687,Kyle,Fidilis,6,Female,$58338.12,Alis,Peru
688,Myriam,Sails,74,Female,$10277.42,Vigia,Brazil
689,Addy,Ivens,34,Male,$18712.20,Maracaibo,Venezuela
690,Dwayne,Phippen,30,Male,$85215.91,Catu,Brazil
691,Benedick,Olman,57,Male,$37585.01,Ipameri,Brazil
692,Willa,Bromhead,87,Female,$97477.92,Monte Alto,Brazil
693,Shauna,Shillabeer,1,Female,$58775.20,Soledad,Venezuela
694,Peterus,Goldhawk,23,Male,$96624.45,Garibaldi,Brazil
695,Cornelia,Crathorne,80,Female,$81919.80,Cachimayo,Peru
696,Ephrem,Partridge,15,Male,$71162.98,Teresópolis,Brazil
697,Bonny,Zink,72,Female,$79231.20,Crato,Brazil
698,Toma,Slinger,22,Female,$48946.72,Los Andes,Colombia
699,Moselle,Lidgerton,94,Female,$31360.39,El Playón,Colombia
700,Culver,Guillerman,79,Male,$25860.96,Namballe,Peru
701,Harv,Biernat,83,Male,$65156.06,Palmar de Varela,Colombia
702,Mable,Loudiane,30,Female,$27184.94,São Bento do Sul,Brazil
703,Dori,Brownsea,57,Female,$37580.76,Quinchía,Colombia
704,Merla,Imort,4,Female,$89555.93,Arapiraca,Brazil
705,Lila,Constance,98,Female,$95210.69,Porto União,Brazil
706,Dorella,Fundell,90,Female,$52676.46,Boa Vista,Brazil
707,Clo,Ledger,55,Female,$92919.70,El Quebrachal,Argentina
708,Tova,McGifford,84,Female,$3494.03,La Bélgica,Bolivia
709,Heidi,Folonin,34,Female,$79743.65,Ituberá,Brazil
710,Dennie,Goad,91,Male,$38920.75,Mercedes,Argentina
711,Lemar,Mustoo,17,Male,$42119.23,Yotala,Bolivia
712,Karee,Wooffitt,88,Female,$93407.76,Italó,Argentina
713,Jeddy,Trudgion,70,Male,$34865.87,Aviá Terai,Argentina
714,Mycah,Sissons,26,Male,$84511.44,Barra de Carrasco,Uruguay
715,Perry,Karpfen,73,Male,$22714.71,Ingenio,Peru
716,Onfre,Zieme,33,Male,$86241.05,Quillo,Peru
717,Lanny,Hawtin,89,Male,$89067.67,Resplendor,Brazil
718,Karrie,Gavagan,53,Female,$63402.99,Duraznopampa,Peru
719,Loralyn,O'Keenan,13,Female,$64944.32,Buenos Aires,Argentina
720,Currie,Keogh,95,Male,$85697.80,Francisco Beltrão,Brazil
721,Dwight,Itscowicz,24,Male,$48396.72,Sirinhaém,Brazil
722,Giovanna,Heffernan,56,Female,$63247.26,Jandira,Brazil
723,Ced,Pigford,31,Male,$67277.07,Mossoró,Brazil
724,Giovanni,O'Kinedy,22,Male,$96628.93,Guanay,Bolivia
725,Lazare,Banane,57,Male,$61728.41,Calbuco,Chile
726,Lianne,Bielby,75,Female,$4099.90,Termas de Río Hondo,Argentina
727,Veronike,Gaythwaite,41,Female,$7741.57,Cinco Saltos,Argentina
728,Jess,Conwell,22,Male,$64351.36,Igarapava,Brazil
729,Hilarius,Bossel,53,Male,$48223.83,San Francisco,Colombia
730,Decca,Nineham,57,Non-binary,$57438.27,Nepomuceno,Brazil
731,Therese,Denholm,65,Female,$82725.12,Reconquista,Argentina
732,Gregoor,Freeman,35,Male,$48582.50,Sarandi,Brazil
733,Johnette,Venneur,12,Female,$84889.74,Carabayllo,Peru
734,Georg,Pennetti,27,Male,$68334.18,Içara,Brazil
735,Zondra,Iacobassi,34,Female,$98575.78,Encontrados,Venezuela
736,Guglielma,Bragge,22,Female,$61180.55,Aguadas,Colombia
737,Rodolphe,Speeks,33,Male,$14056.44,Sacsamarca,Peru
738,Merrielle,Jickells,41,Female,$96210.89,Pampas,Peru
739,Nikos,Claworth,18,Male,$18822.09,Brinkmann,Argentina
740,Christiano,Peart,91,Male,$7637.75,Longar,Peru
741,Gwendolin,Kilmurry,25,Female,$13330.82,James Craik,Argentina
742,Claudian,Yoodall,28,Male,$91545.97,Quimilí,Argentina
743,Gayler,Norcliff,53,Male,$9286.34,Três Passos,Brazil
744,Kamillah,Attryde,83,Female,$58503.73,Quito,Ecuador
745,Julian,MacBain,7,Male,$8655.91,La Estrella,Colombia
746,Kaylyn,Janaud,4,Female,$75052.74,Huaraz,Peru
747,Lennard,Episcopio,90,Male,$81497.46,Lagoa da Prata,Brazil
748,Gaspard,Condliffe,91,Male,$42353.41,El Águila,Colombia
749,Rosalind,Fancott,30,Female,$33351.57,Embalse,Argentina
750,Veronique,Dimitriades,49,Female,$36712.48,Chicoana,Argentina
751,Joaquin,Candelin,37,Male,$79305.94,Marco,Brazil
752,Seward,Tiesman,10,Male,$33984.35,Jequitinhonha,Brazil
753,Harmonie,Aldiss,65,Female,$31860.17,Itajuípe,Brazil
754,Chrisy,Buckoke,27,Male,$57892.50,Barbalha,Brazil
755,Frederich,Bernucci,42,Male,$71566.40,Jenesano,Colombia
756,Cody,Hiscocks,49,Male,$2063.21,Mariano Moreno,Argentina
757,Harley,Smitheram,87,Male,$59768.76,Changuillo,Peru
758,Barney,Arnefield,77,Genderfluid,$71307.85,Pederneiras,Brazil
759,Ronnica,Francisco,46,Female,$88158.61,Volta Redonda,Brazil
760,Lenci,Juzek,70,Male,$34668.46,Uberaba,Brazil
761,Derby,Nattrass,45,Male,$9973.91,Caazapá,Paraguay
762,Piper,Navaro,16,Female,$82887.77,El Sombrero,Venezuela
763,Montgomery,Hotton,77,Agender,$81728.11,Marcos Juárez,Argentina
764,Renault,Ransfield,38,Agender,$76441.93,Añatuya,Argentina
765,Yolanda,Aubrun,9,Female,$9773.19,Lloque,Peru
766,Valentino,Twentyman,50,Male,$61796.51,Corral de Bustos,Argentina
767,Hoyt,Ortelt,79,Male,$10604.36,Turpo,Peru
768,Arnoldo,Childe,60,Male,$60851.07,Ihuari,Peru
769,Jacquelin,Cowdrey,29,Female,$91144.13,Mococa,Brazil
770,Ulick,MacNair,69,Male,$78983.02,Quince Mil,Peru
771,Doy,Quinsee,76,Male,$88029.95,Villazón,Bolivia
772,Myrvyn,Manley,40,Male,$27442.16,Francisco Morato,Brazil
773,Frederich,Dodd,78,Male,$14498.81,Requena,Peru
774,Tiler,Claus,88,Male,$93997.95,Chaguaní,Colombia
775,Spenser,De Lisle,44,Male,$32647.05,Yanahuaya,Peru
776,Willa,Brownhill,67,Female,$15656.01,Venado Tuerto,Argentina
777,Tiffani,Mangam,54,Female,$82514.32,Cocachacra,Peru
778,Marilyn,Dubble,16,Genderqueer,$39359.50,La Playosa,Argentina
779,Randolph,Pass,81,Male,$37298.83,Barra Mansa,Brazil
780,Cyrill,Stickels,84,Male,$45105.24,Francisco Morato,Brazil
781,Gris,Vala,60,Male,$43316.51,Satuba,Brazil
782,Zachary,Gransden,90,Genderqueer,$50677.95,Talagante,Chile
783,Gilly,Siddaley,89,Genderfluid,$29812.69,Coroatá,Brazil
784,Seline,Speachley,73,Female,$2871.83,Piura,Peru
785,Benito,Dutnall,95,Male,$32713.61,Cabudare,Venezuela
786,Deny,Dutteridge,49,Female,$59391.18,Caraguatatuba,Brazil
787,Rabbi,Janning,31,Non-binary,$87502.92,Pucón,Chile
788,Shea,Slocomb,91,Male,$37142.10,Bauru,Brazil
789,Darby,Froment,6,Genderqueer,$12241.94,Goiás,Brazil
790,Roy,Blazdell,60,Male,$42867.08,Pindaré Mirim,Brazil
791,Alric,Radage,51,Male,$4474.53,Curpahuasi,Peru
792,Krystyna,Bedin,70,Female,$37186.87,Palocabildo,Colombia
793,Hartwell,Burehill,7,Male,$19169.27,São Marcos,Brazil
794,Alanson,Slark,82,Male,$39759.24,Ceibas,Argentina
795,Andrej,Schall,5,Male,$82546.88,Dolavón,Argentina
796,Orly,Hellens,39,Female,$87046.28,Ayrihuanca,Peru
797,Trey,Cheales,12,Male,$33894.37,Atibaia,Brazil
798,Selene,Glusby,53,Female,$26122.37,Pilcaniyeu,Argentina
799,Danny,Woodage,59,Genderqueer,$77732.85,Unquillo,Argentina
800,Dion,Peacey,1,Male,$73296.01,Laramate,Peru
801,Dalis,Fettis,2,Male,$99718.49,Seabra,Brazil
802,Malory,Paolacci,54,Female,$65497.86,Jauja,Peru
803,Gracie,Abrahim,76,Female,$5987.88,Cunha,Brazil
804,Osgood,Kenna,56,Male,$1397.16,Villa Alemana,Chile
805,Clementius,Brophy,82,Male,$60228.08,Aparecida do Taboado,Brazil
806,Alyosha,Verralls,5,Male,$20244.68,Coroatá,Brazil
807,Berkie,Feldman,32,Male,$57119.58,Cachí,Argentina
808,Walliw,Gudger,88,Female,$12780.06,Tomé Açu,Brazil
809,Cacilie,Leile,46,Agender,$1876.03,Otacílio Costa,Brazil
810,Chelsea,Yakebovitch,34,Female,$23282.33,Brokopondo,Suriname
811,Jaynell,Greve,49,Female,$55141.39,Engenheiro Beltrão,Brazil
812,Jud,Huggard,50,Male,$71017.10,Capitão Poço,Brazil
813,Imelda,Clark,3,Non-binary,$28214.60,Caetité,Brazil
814,Karlens,Cowderay,29,Male,$71565.91,El Carmen,Peru
815,Mannie,Geistbeck,78,Male,$13588.21,Anápolis,Brazil
816,Sibella,Wilbud,53,Female,$84109.65,Warnes,Bolivia
817,Noby,Alker,59,Male,$6030.14,Ibitinga,Brazil
818,Sadella,Lorkings,36,Female,$87360.00,Montecristi,Ecuador
819,Rusty,Luck,100,Male,$96633.12,Arroyito,Argentina
820,Terri-jo,Jonke,65,Female,$85652.12,Bogotá,Colombia
821,Ariadne,Labes,87,Female,$59847.78,Carhuac,Peru
822,Letitia,Kless,22,Female,$21498.87,Russas,Brazil
823,Ingaberg,Mathelin,12,Female,$17998.27,Arapuey,Venezuela
824,Sofie,Kluger,66,Female,$75238.08,Jacaraú,Brazil
825,Dermot,Sima,84,Male,$98346.83,Bambuí,Brazil
826,Gusta,Burman,71,Genderfluid,$62690.52,Ovalle,Chile
827,Marcellus,Poytres,47,Male,$2760.13,Candelaria,Colombia
828,Graehme,Shepstone,13,Male,$81179.12,Mina Clavero,Argentina
829,Susy,Haxby,62,Female,$18484.00,Palmital,Brazil
830,Devland,Hamshere,4,Male,$39552.48,Santo Estêvão,Brazil
831,Cameron,Dalgetty,19,Male,$16968.98,Cauday,Peru
832,Osbert,Songer,1,Male,$78698.29,Sogamoso,Colombia
833,Orville,Thoumas,81,Male,$97861.41,Unaí,Brazil
834,Electra,Raleston,38,Female,$99887.88,Putina,Peru
835,Beauregard,Yendle,99,Male,$88718.47,Crespo,Argentina
836,Alika,Napoleon,85,Agender,$74846.21,Vitória do Mearim,Brazil
837,Miriam,Stollen,43,Female,$64510.20,Ipatinga,Brazil
838,Leonie,Bertelsen,6,Female,$86935.26,Coyaima,Colombia
839,Jeana,Gartsyde,80,Female,$73763.49,Porlamar,Venezuela
840,Mireille,Blenkinsop,61,Female,$71933.56,Ramiriquí,Colombia
841,Delphine,Franceschi,53,Female,$92615.65,Artur Nogueira,Brazil
842,Tomasina,Knyvett,23,Female,$89304.94,Arjona,Colombia
843,Lesley,Oleshunin,89,Male,$39861.80,Líbano,Colombia
844,Bentlee,Musso,61,Male,$48182.35,Azurduy,Bolivia
845,Hillyer,Eirwin,17,Polygender,$70636.42,Itiruçu,Brazil
846,Sisile,McClary,85,Female,$13028.12,Caleta Olivia,Argentina
847,Zenia,Murrill,44,Female,$83477.37,Três de Maio,Brazil
848,Kati,Roscoe,96,Female,$19153.64,Várzea Grande,Brazil
849,Latia,Noir,83,Female,$50809.33,Pico Truncado,Argentina
850,Wynn,McCabe,26,Male,$28365.65,São Vicente,Brazil
851,Mackenzie,Weathers,80,Polygender,$74587.51,Nova Russas,Brazil
852,Shandeigh,Iacovazzi,95,Female,$8141.46,João Monlevade,Brazil
853,Basilius,De Rye Barrett,62,Male,$1499.21,Combita,Colombia
854,Alphard,Jaggi,39,Male,$14839.30,Coayllo,Peru
855,Goran,Gullen,97,Male,$2440.78,Carapicuíba,Brazil
856,Hamlen,Bail,1,Male,$53290.40,General José de San Martín,Argentina
857,Carmine,Bearsmore,8,Female,$87636.49,Ipameri,Brazil
858,Addi,Talboy,45,Female,$96805.69,Urpay,Peru
859,Tamma,Smorfit,97,Female,$83719.47,Bocaiúva,Brazil
860,Brit,Kittle,64,Male,$90513.11,Almafuerte,Argentina
861,Avictor,Saddler,21,Male,$99399.91,Satipo,Peru
862,Valerye,Risen,10,Female,$29128.49,Paraguaçu,Brazil
863,Jordana,Garmans,79,Non-binary,$38114.41,Osasco,Brazil
864,Christen,Philippard,4,Female,$42138.66,Buta Ranquil,Argentina
865,Ron,Coneybeare,98,Male,$15108.53,Itaporanga,Brazil
866,Halsy,Lehon,77,Male,$13622.35,Fraile Pintado,Argentina
867,Wynnie,Kilday,52,Female,$30192.92,Araçuaí,Brazil
868,Buddy,Courtney,52,Male,$68929.26,Caraguatatuba,Brazil
869,Augustina,Lequeux,55,Female,$2183.28,Llaillay,Chile
870,Fitz,Okill,25,Male,$35031.41,Pichilemu,Chile
871,Gael,Faircley,36,Female,$10377.09,Villa Ángela,Argentina
872,Sigfrid,Birds,33,Male,$31660.73,San Carlos de Bolívar,Argentina
873,Giorgio,Gately,76,Male,$18135.62,Río Cuarto,Argentina
874,Sanderson,Detloff,79,Male,$96915.21,Los Cerrillos,Uruguay
875,Bartholomew,Skuse,9,Male,$85546.67,Puan,Argentina
876,Maurizio,Dumingos,84,Male,$42601.37,Cachoeirinha,Brazil
877,Gustavus,Badder,19,Male,$21366.80,Miguelópolis,Brazil
878,Hube,McDavid,47,Male,$2418.56,Ñuñoa,Peru
879,Simon,Messier,97,Male,$93557.57,Lanlacuni Bajo,Peru
880,Rozalin,Girardeau,92,Female,$89217.07,Auriflama,Brazil
881,Stanwood,Langland,3,Male,$45787.09,Castelli,Argentina
882,Jaquenette,Earley,32,Female,$80192.89,El Tabo,Chile
883,Anett,Glasscoo,22,Female,$69937.29,Pitanga,Brazil
884,Chelsey,Jirick,76,Female,$56557.34,Monte Carmelo,Brazil
885,Shelagh,Peterkin,35,Female,$80599.56,Callao,Peru
886,Abigail,Giovannelli,51,Female,$12808.03,Maracaju,Brazil
887,Wallie,Lamberteschi,34,Female,$29709.69,Casigua El Cubo,Venezuela
888,Darcy,Johnston,72,Male,$98554.61,Cochrane,Chile
889,Mitchel,Bernaldo,58,Male,$54052.42,Mizque,Bolivia
890,Zacharie,Kubec,57,Male,$56733.76,Coalaque,Peru
891,Aliza,Gohier,48,Female,$76178.48,Aracataca,Colombia
892,Simonette,Pinnell,75,Female,$4667.96,Capilla del Monte,Argentina
893,Kelsy,Behagg,90,Female,$22601.68,Pujocucho,Peru
894,Yettie,Fairholme,99,Female,$11526.43,Codajás,Brazil
895,Chic,Minney,20,Male,$3278.20,Ipu,Brazil
896,Garrot,Robion,44,Male,$92942.37,Lajedo,Brazil
897,Lammond,Dunne,40,Bigender,$6525.41,Cairani,Peru
898,Auberon,Jenno,20,Male,$71941.20,Cajicá,Colombia
899,Brittan,Sture,68,Female,$73554.93,El Soberbio,Argentina
900,Tim,Youster,53,Male,$95598.22,Cubatão,Brazil
901,Willie,Magister,30,Female,$53078.17,Empedrado,Argentina
902,Nessi,Holgan,88,Female,$8380.89,Cajamarca,Colombia
903,Hamil,Gogie,2,Male,$6291.56,San Antonio Oeste,Argentina
904,Rollo,Karpushkin,78,Male,$21252.03,Llama,Peru
905,Ryon,Geharke,41,Male,$69744.27,Chingas,Peru
906,Olivero,Faccini,25,Genderqueer,$4711.22,Conima,Peru
907,Leigh,Blemen,19,Male,$76825.81,Paraíso de Chabasquén,Venezuela
908,Everett,Farlam,36,Male,$15878.74,Yaguachi Nuevo,Ecuador
909,Jarib,Colleran,66,Male,$98283.25,Leopoldina,Brazil
910,Lorrie,Betonia,66,Female,$38992.56,Buenaventura,Colombia
911,Misha,Drejer,92,Female,$17845.85,Ipirá,Brazil
912,Devi,Racine,60,Female,$65559.37,Buena Esperanza,Argentina
913,Arlyn,Eingerfield,8,Female,$6074.12,Lauro de Freitas,Brazil
914,Raffaello,Pillifant,95,Male,$49982.01,San Jorge,Argentina
915,Marjorie,Farriar,28,Female,$35332.42,Usquil,Peru
916,Dede,Casely,87,Female,$23425.99,Limoeiro de Anadia,Brazil
917,Dorian,Fazackerley,39,Genderqueer,$62213.18,Goiânia,Brazil
918,Sanford,Samsin,41,Male,$68822.49,Colonia Mauricio José Troche,Paraguay
919,Ram,Pullman,84,Male,$83552.33,Albania,Colombia
920,Lenci,Edsell,21,Male,$48967.99,Augusto Corrêa,Brazil
921,Beatriz,Kineton,77,Female,$30237.08,Vespasiano,Brazil
922,Eldon,Mahedy,94,Male,$84246.29,Chajarí,Argentina
923,Jasmina,Norheny,1,Female,$91446.94,Sucre,Ecuador
924,Manya,Bascombe,60,Female,$74246.99,San Pedro,Bolivia
925,Earlie,Offen,19,Male,$46658.82,Cajueiro,Brazil
926,Humberto,Mundy,35,Polygender,$2707.19,Bagé,Brazil
927,Elvera,Holtham,92,Female,$27327.44,Mocoa,Colombia
928,Sylvester,Meyrick,35,Male,$65424.25,Matão,Brazil
929,Rafferty,Philott,78,Male,$94370.11,São Sebastião do Caí,Brazil
930,Dun,Sandbrook,72,Male,$82163.42,Wenceslao Escalante,Argentina
931,Fonzie,Ottosen,27,Male,$52408.33,Oeiras,Brazil
932,Giacobo,Kennaway,51,Male,$56554.25,São Mateus,Brazil
933,Willa,Ivers,40,Female,$84883.32,Antaparco,Peru
934,Mose,Sizey,79,Male,$68857.88,Tres Arroyos,Argentina
935,Cale,Oakly,12,Male,$3641.43,Muritiba,Brazil
936,Kurt,Mazzei,40,Male,$70716.57,San Bernardino,Paraguay
937,Hope,Rabidge,3,Female,$54755.79,Buri,Brazil
938,Robbin,Bradock,26,Female,$79640.16,Pérez,Argentina
939,Heddi,Scuffham,14,Female,$66574.96,Chivilcoy,Argentina
940,Reinold,Ferie,77,Male,$5071.72,Baranoa,Colombia
941,Gavan,Coning,22,Non-binary,$25908.20,Quinjalca,Peru
942,Flossi,Strangward,86,Female,$99712.58,Forquilhinha,Brazil
943,Kathye,Busher,81,Female,$46475.01,Bello,Colombia
944,Ricoriki,Chawner,53,Male,$54319.63,Camiri,Bolivia
945,Bobbe,Larwood,2,Female,$88324.53,Palmira,Colombia
946,Marylynne,Birdwistle,38,Female,$7325.48,Huambo,Peru
947,Hilario,Crosbie,22,Male,$96579.62,Líbano,Colombia
948,Lay,Wisker,41,Male,$4378.19,Piojó,Colombia
949,Dennie,Dunhill,6,Genderqueer,$24097.10,Taboão da Serra,Brazil
950,Livvyy,Foucar,5,Female,$99560.81,Cartagena,Colombia
951,Noah,Derbyshire,57,Male,$69461.36,Puerto Berrío,Colombia
952,Ainslie,Spriggin,1,Female,$1641.71,Ciudad Bolívar,Colombia
953,Charmion,Verecker,51,Female,$13195.04,Comodoro Rivadavia,Argentina
954,Brigid,Tapson,91,Female,$9212.45,El Retiro,Colombia
955,Addy,Kneesha,5,Male,$4561.64,Monte Santo de Minas,Brazil
956,Chrisse,Cracknall,88,Male,$32551.94,Guaíra,Brazil
957,Lucias,Dickings,72,Male,$90816.13,Vargem Grande do Sul,Brazil
958,Blaire,Kunes,58,Female,$74351.15,Elías,Colombia
959,Benjy,Bulcock,28,Male,$95597.29,Ribeirão Preto,Brazil
960,Jeannette,Trayford,94,Agender,$23291.43,Grajaú,Brazil
961,Alicea,Giamo,40,Female,$60487.20,Ezeiza,Argentina
962,Waylen,Malster,100,Male,$52948.85,Pacucha,Peru
963,Lydia,Menichi,16,Female,$15897.04,Benevides,Brazil
964,Bobbe,Flay,41,Female,$8381.02,La Ceja,Colombia
965,Hoyt,Mirams,82,Male,$10556.45,Vacaria,Brazil
966,Elsey,Corr,78,Female,$48946.00,Ariguaní,Colombia
967,Winne,Caddell,27,Non-binary,$70485.37,Herval,Brazil
968,Geneva,Stopher,69,Female,$12754.31,Pinhão,Brazil
969,Lisa,Pilsworth,36,Female,$17327.03,Descalvado,Brazil
970,Arvin,Wilacot,21,Polygender,$57787.76,Igarassu,Brazil
971,Garner,Forsaith,97,Male,$33027.48,Nunchía,Colombia
972,Guy,Cloutt,67,Male,$28288.23,Bom Jesus do Itabapoana,Brazil
973,Jacquelynn,Laxton,24,Female,$55560.98,Vilhena,Brazil
974,Aube,Gallico,24,Male,$13935.79,Obas,Peru
975,Tally,Maxfield,12,Male,$67543.54,Tacarigua,Venezuela
976,Kissee,Marr,99,Female,$11879.79,Libertador General San Martín,Argentina
977,Helenka,Layhe,94,Female,$23642.04,Tío Pujio,Argentina
978,Zak,Coverley,43,Male,$83159.22,Dois Vizinhos,Brazil
979,Korella,Hugk,46,Female,$80331.53,Buenos Aires,Argentina
980,Wandie,Dutnell,19,Female,$60986.39,Pará de Minas,Brazil
981,Leontyne,Netherclift,33,Female,$2226.40,Marapanim,Brazil
982,Sibel,Woolley,37,Female,$83336.20,Jardim,Brazil
983,Shane,Wedon,62,Male,$16036.28,Paracambi,Brazil
984,Niel,Fosse,48,Male,$55845.90,Oeiras,Brazil
985,Evelyn,Maddie,47,Male,$80660.64,Itacorubi,Brazil
986,Adolph,Iacovino,97,Genderqueer,$52666.17,Colquemarca,Peru
987,Rockwell,Feore,90,Male,$16931.13,Mirandopólis,Brazil
988,Almira,Andersen,38,Female,$24663.80,Matriz de Camaragibe,Brazil
989,Vina,Shearstone,70,Female,$82951.01,Itambé,Brazil
990,Virgie,Ezzle,23,Male,$17164.86,Maués,Brazil
991,Fairleigh,Aucourte,85,Male,$25415.34,Cochrane,Chile
992,Vincenty,McGucken,78,Male,$15288.62,Ibiá,Brazil
993,Vincents,Gare,36,Male,$38575.07,Quilino,Argentina
994,Dal,Leads,90,Genderfluid,$87674.18,Campos Belos,Brazil
995,Flossy,McGlaughn,47,Female,$44182.41,Riachão do Jacuípe,Brazil
996,Reinald,Coryndon,21,Male,$12306.43,Granada,Colombia
997,Bartlett,Paddingdon,79,Male,$23459.28,Colosó,Colombia
998,Brian,Jelks,99,Male,$11173.41,Rafael Perazza,Uruguay
999,Abbott,Josskoviz,56,Male,$31405.91,Circasia,Colombia
1000,Jerrold,Loosley,87,Male,$27662.05,Conceição do Coité,Brazil
